"rs200058074"	"rs28991002"	"rs28991009"	"rs143435072"	"n"	"n_expected"
"A/A"	"G/G"	"G/G"	"C/C"	328492	329401.205280644
"A/A"	"G/G"	"G/T"	"C/C"	5395	5390.72334533148
"A/A"	"G/A"	"G/G"	"C/C"	1693	1672.68671598384
"A/A"	"G/G"	NA	"C/C"	471	470.714392907832
"A/G"	"G/G"	"G/G"	"C/C"	356	353.033418804526
"A/A"	"G/G"	"G/G"	"C/T"	270	267.796322743311
"A/A"	NA	"G/G"	"C/C"	194	192.468356995699
NA	"G/G"	"G/G"	"C/C"	192	188.76582399256
"A/A"	"G/G"	"G/G"	NA	37	38.1345248426736
"A/A"	"G/G"	"T/T"	"C/C"	28	22.0550940009033
"A/A"	"G/A"	"G/T"	"C/C"	8	27.3738868732968
"A/G"	"G/G"	"G/T"	"C/C"	4	5.77746972968825
"A/A"	NA	"G/T"	"C/C"	2	3.14978709446536
"A/A"	"G/A"	"G/G"	NA	2	0.193645657945758
"A/A"	"G/G"	NA	"C/T"	2	0.38268100256546
NA	"G/A"	"G/G"	"C/C"	1	0.958545631170623
"A/A"	"A/A"	"G/G"	"C/C"	1	2.12345978473657
"A/A"	"G/A"	"G/G"	"C/T"	1	1.3598594797503
"A/A"	"G/G"	"G/T"	"C/T"	1	4.3825458609854
"A/G"	"G/G"	NA	"C/C"	1	0.504484831095771
